gene,chromosome,transcript_ID,transcript_variant,protein_variant,consequence,function.score.mean,func.class,classification
BRCA1,17,NM_007294.3,c.-19-3A>C,NA,Splice region,-0.37261050342658,FUNC,Benign
BRCA1,17,NM_007294.3,c.-19-3A>G,NA,Splice region,-0.0453134692245083,FUNC,Benign
BRCA1,17,NM_007294.3,c.-19-2A>G,NA,Canonical splice,-0.388413910127864,FUNC,Pathogenic
BRCA1,17,NM_007294.3,c.-17C>T,NA,Splice region,-0.181232039920112,FUNC,Benign
BRCA1,17,NM_007294.3,c.-14T>A,NA,5' UTR,-0.0500573642095928,FUNC,Benign
BRCA1,17,NM_007294.3,c.-14T>C,NA,5' UTR,0.0738579058313213,FUNC,Benign
BRCA1,17,NM_007294.3,c.-13G>A,NA,5' UTR,-0.555503368727947,FUNC,Benign
BRCA1,17,NM_007294.3,c.-12G>C,NA,5' UTR,-0.145040767303278,FUNC,Benign
BRCA1,17,NM_007294.3,c.-11A>C,NA,5' UTR,-0.468993293846312,FUNC,Benign
BRCA1,17,NM_007294.3,c.-11A>T,NA,5' UTR,-0.430313688936935,FUNC,Benign
BRCA1,17,NM_007294.3,c.-10A>C,NA,5' UTR,-0.395016873938575,FUNC,Benign
BRCA1,17,NM_007294.3,c.-9C>G,NA,5' UTR,-0.427844416649265,FUNC,Benign
BRCA1,17,NM_007294.3,c.-8A>G,NA,5' UTR,-0.147775685027228,FUNC,Benign
BRCA1,17,NM_007294.3,c.-7G>A,NA,5' UTR,-0.477838804958505,FUNC,Benign
BRCA1,17,NM_007294.3,c.-4A>G,NA,5' UTR,-0.0502340927422835,FUNC,Benign
BRCA1,17,NM_007294.3,c.1A>G,p.M1V,Missense,-2.02564472903696,LOF,Pathogenic
BRCA1,17,NM_007294.3,c.2T>A,p.M1K,Missense,-1.6367004566288,LOF,Pathogenic
BRCA1,17,NM_007294.3,c.2T>C,p.M1T,Missense,-1.65656907663554,LOF,Pathogenic
BRCA1,17,NM_007294.3,c.2T>G,p.M1R,Missense,-2.4815795549735,LOF,Pathogenic
BRCA1,17,NM_007294.3,c.3G>A,p.M1I,Missense,-2.50212823274764,LOF,Pathogenic
BRCA1,17,NM_007294.3,c.3G>C,p.M1I,Missense,-2.22610742672219,LOF,Pathogenic
BRCA1,17,NM_007294.3,c.3G>T,p.M1I,Missense,-1.89730149043368,LOF,Pathogenic
BRCA1,17,NM_007294.3,c.6T>C,p.D2=,Synonymous,-0.0983187489626474,FUNC,Benign
BRCA1,17,NM_007294.3,c.9A>G,p.L3=,Synonymous,0.21176742138953,FUNC,Benign
BRCA1,17,NM_007294.3,c.12T>C,p.S4=,Synonymous,0.238336299346863,FUNC,Benign
BRCA1,17,NM_007294.3,c.15T>C,p.A5=,Synonymous,-0.422681586594637,FUNC,Benign
BRCA1,17,NM_007294.3,c.20G>T,p.R7L,Missense,-0.0164585518325097,FUNC,Benign
BRCA1,17,NM_007294.3,c.21C>G,p.R7=,Synonymous,-0.196967451557336,FUNC,Benign
BRCA1,17,NM_007294.3,c.21C>T,p.R7=,Synonymous,0.275561384077285,FUNC,Benign
BRCA1,17,NM_007294.3,c.27A>G,p.E9=,Synonymous,-0.200679811161979,FUNC,Benign
BRCA1,17,NM_007294.3,c.33A>G,p.V11=,Synonymous,0.168246095010134,FUNC,Benign
BRCA1,17,NM_007294.3,c.36A>G,p.Q12=,Synonymous,-0.113496938607851,FUNC,Benign
BRCA1,17,NM_007294.3,c.42C>A,p.V14=,Synonymous,-0.321266376663658,FUNC,Benign
BRCA1,17,NM_007294.3,c.42C>T,p.V14=,Synonymous,-0.191276668017017,FUNC,Benign
BRCA1,17,NM_007294.3,c.48T>C,p.N16=,Synonymous,0.0634310486770521,FUNC,Benign
BRCA1,17,NM_007294.3,c.53T>A,p.M18K,Missense,-2.39048069455324,LOF,Pathogenic
BRCA1,17,NM_007294.3,c.53T>C,p.M18T,Missense,-1.88743016250199,LOF,Pathogenic
BRCA1,17,NM_007294.3,c.53T>G,p.M18R,Missense,-2.44598808427358,LOF,Pathogenic
BRCA1,17,NM_007294.3,c.60A>G,p.K20=,Synonymous,0.119817297801682,FUNC,Benign
BRCA1,17,NM_007294.3,c.63C>A,p.I21=,Synonymous,-0.582372259854102,FUNC,Benign
BRCA1,17,NM_007294.3,c.63C>T,p.I21=,Synonymous,-1.60156685165604,LOF,Benign
BRCA1,17,NM_007294.3,c.64T>C,p.L22=,Synonymous,0.23403085539082,FUNC,Benign
BRCA1,17,NM_007294.3,c.65T>C,p.L22S,Missense,-2.10667578876765,LOF,Pathogenic
BRCA1,17,NM_007294.3,c.66A>G,p.L22=,Synonymous,0.433218113421171,FUNC,Benign
BRCA1,17,NM_007294.3,c.69G>A,p.E23=,Synonymous,-0.138161229825439,FUNC,Benign
BRCA1,17,NM_007294.3,c.70T>C,p.C24R,Missense,-2.78523997945063,LOF,Pathogenic
BRCA1,17,NM_007294.3,c.70T>G,p.C24G,Missense,-2.31508727898479,LOF,Pathogenic
BRCA1,17,NM_007294.3,c.71G>C,p.C24S,Missense,-1.88032705628737,LOF,Pathogenic
BRCA1,17,NM_007294.3,c.72T>C,p.C24=,Synonymous,0.263497775536314,FUNC,Benign
BRCA1,17,NM_007294.3,c.72T>G,p.C24W,Missense,-2.73591085460351,LOF,Pathogenic
BRCA1,17,NM_007294.3,c.78C>T,p.I26=,Splice region,0.368261301580362,FUNC,Benign
BRCA1,17,NM_007294.3,c.80G>A,p.C27Y,Missense,-1.88826243338375,LOF,Pathogenic
BRCA1,17,NM_007294.3,c.80+1G>A,NA,Canonical splice,-2.11355452284136,LOF,Pathogenic
BRCA1,17,NM_007294.3,c.80+1G>C,NA,Canonical splice,-2.18822722702514,LOF,Pathogenic
BRCA1,17,NM_007294.3,c.80+1G>T,NA,Canonical splice,-2.31165621098727,LOF,Pathogenic
BRCA1,17,NM_007294.3,c.80+2T>A,NA,Canonical splice,-1.90732687769401,LOF,Pathogenic
BRCA1,17,NM_007294.3,c.80+2T>G,NA,Canonical splice,-2.00439013472194,LOF,Pathogenic
BRCA1,17,NM_007294.3,c.80+3A>C,NA,Splice region,-1.91220626137059,LOF,Pathogenic
BRCA1,17,NM_007294.3,c.81-20C>G,NA,Intronic,-0.6644283403562,FUNC,Benign
BRCA1,17,NM_007294.3,c.81-19T>C,NA,Intronic,0.140331074030099,FUNC,Benign
BRCA1,17,NM_007294.3,c.81-18C>A,NA,Intronic,-0.304999403821125,FUNC,Benign
BRCA1,17,NM_007294.3,c.81-18C>G,NA,Intronic,0.112407891272398,FUNC,Benign
BRCA1,17,NM_007294.3,c.81-18C>T,NA,Intronic,-0.253569819418033,FUNC,Benign
BRCA1,17,NM_007294.3,c.81-17C>A,NA,Intronic,-0.362646937009684,FUNC,Benign
BRCA1,17,NM_007294.3,c.81-17C>T,NA,Intronic,-0.0424945450060461,FUNC,Benign
BRCA1,17,NM_007294.3,c.81-16C>A,NA,Intronic,-0.252396780792194,FUNC,Benign
BRCA1,17,NM_007294.3,c.81-16C>T,NA,Intronic,-0.0724942595937364,FUNC,Benign
BRCA1,17,NM_007294.3,c.81-14C>A,NA,Intronic,-0.468993644044396,FUNC,Benign
BRCA1,17,NM_007294.3,c.81-14C>G,NA,Intronic,0.0770676269359654,FUNC,Benign
BRCA1,17,NM_007294.3,c.81-14C>T,NA,Intronic,0.203667345122214,FUNC,Benign
BRCA1,17,NM_007294.3,c.81-13C>A,NA,Intronic,-0.290890734115389,FUNC,Benign
BRCA1,17,NM_007294.3,c.81-13C>G,NA,Intronic,0.124382573233866,FUNC,Benign
BRCA1,17,NM_007294.3,c.81-12C>G,NA,Intronic,-0.195741893982108,FUNC,Benign
BRCA1,17,NM_007294.3,c.81-12C>T,NA,Intronic,-0.0256183012766767,FUNC,Benign
BRCA1,17,NM_007294.3,c.81-11T>C,NA,Intronic,0.108894667819431,FUNC,Benign
BRCA1,17,NM_007294.3,c.81-9C>A,NA,Intronic,-0.261654341461899,FUNC,Benign
BRCA1,17,NM_007294.3,c.81-9C>G,NA,Intronic,-1.90345588686352,LOF,Pathogenic
BRCA1,17,NM_007294.3,c.81-8C>G,NA,Splice region,0.17445258327484,FUNC,Benign
BRCA1,17,NM_007294.3,c.81-7C>G,NA,Splice region,-0.230577847185133,FUNC,Benign
BRCA1,17,NM_007294.3,c.81-4C>A,NA,Splice region,-0.188834345211898,FUNC,Benign
BRCA1,17,NM_007294.3,c.81-4C>T,NA,Splice region,0.0107666488541213,FUNC,Benign
BRCA1,17,NM_007294.3,c.81-2A>C,NA,Canonical splice,-2.27716112570127,LOF,Pathogenic
BRCA1,17,NM_007294.3,c.81-2A>G,NA,Canonical splice,-1.711244805507,LOF,Pathogenic
BRCA1,17,NM_007294.3,c.81-1G>A,NA,Canonical splice,-2.3008098011696,LOF,Pathogenic
BRCA1,17,NM_007294.3,c.81-1G>C,NA,Canonical splice,-1.89575518389324,LOF,Pathogenic
BRCA1,17,NM_007294.3,c.81-1G>T,NA,Canonical splice,-1.88514742653572,LOF,Pathogenic
BRCA1,17,NM_007294.3,c.81T>C,p.C27=,Splice region,0.00326038137182938,FUNC,Benign
BRCA1,17,NM_007294.3,c.82C>T,p.L28=,Splice region,-0.165536040911456,FUNC,Benign
BRCA1,17,NM_007294.3,c.84G>A,p.L28=,Synonymous,-0.185296967330991,FUNC,Benign
BRCA1,17,NM_007294.3,c.87G>A,p.E29=,Synonymous,-0.141286740995721,FUNC,Benign
BRCA1,17,NM_007294.3,c.88T>C,p.L30=,Synonymous,0.277923519411741,FUNC,Benign
BRCA1,17,NM_007294.3,c.93C>A,p.I31=,Synonymous,-0.693142536943349,FUNC,Benign
BRCA1,17,NM_007294.3,c.93C>T,p.I31=,Synonymous,-0.24797230919738,FUNC,Benign
BRCA1,17,NM_007294.3,c.96G>A,p.K32=,Synonymous,-0.0422090556254549,FUNC,Benign
BRCA1,17,NM_007294.3,c.99A>C,p.E33D,Missense,-0.258046591052841,FUNC,Benign
BRCA1,17,NM_007294.3,c.101C>G,p.P34R,Missense,-2.04326818228721,LOF,Pathogenic
BRCA1,17,NM_007294.3,c.102T>G,p.P34=,Synonymous,-0.239059047995225,FUNC,Benign
BRCA1,17,NM_007294.3,c.110C>A,p.T37K,Missense,-2.49352324025865,LOF,Pathogenic
BRCA1,17,NM_007294.3,c.110C>G,p.T37R,Missense,-2.48552739594034,LOF,Pathogenic
BRCA1,17,NM_007294.3,c.111A>C,p.T37=,Synonymous,0.112499118456149,FUNC,Benign
BRCA1,17,NM_007294.3,c.111A>G,p.T37=,Synonymous,0.0216296662104994,FUNC,Benign
BRCA1,17,NM_007294.3,c.111A>T,p.T37=,Synonymous,0.130856463914244,FUNC,Benign
BRCA1,17,NM_007294.3,c.114G>A,p.K38=,Synonymous,-0.290726687608708,FUNC,Benign
BRCA1,17,NM_007294.3,c.115T>A,p.C39S,Missense,-1.95875615537077,LOF,Pathogenic
BRCA1,17,NM_007294.3,c.115T>C,p.C39R,Missense,-2.40360904850681,LOF,Pathogenic
BRCA1,17,NM_007294.3,c.115T>G,p.C39G,Missense,-2.22421950186341,LOF,Pathogenic
BRCA1,17,NM_007294.3,c.116G>A,p.C39Y,Missense,-2.65823961350783,LOF,Pathogenic
BRCA1,17,NM_007294.3,c.117T>G,p.C39W,Missense,-2.53443021351077,LOF,Pathogenic
BRCA1,17,NM_007294.3,c.120C>T,p.D40=,Synonymous,0.103513701163575,FUNC,Benign
BRCA1,17,NM_007294.3,c.121C>G,p.H41D,Missense,-2.14174273520893,LOF,Pathogenic
BRCA1,17,NM_007294.3,c.121C>T,p.H41Y,Missense,-2.02233175261816,LOF,Pathogenic
BRCA1,17,NM_007294.3,c.122A>G,p.H41R,Missense,-2.07795707321754,LOF,Pathogenic
BRCA1,17,NM_007294.3,c.123C>T,p.H41=,Synonymous,-0.108913453782523,FUNC,Benign
BRCA1,17,NM_007294.3,c.130T>A,p.C44S,Missense,-2.38393524527543,LOF,Pathogenic
BRCA1,17,NM_007294.3,c.130T>C,p.C44R,Missense,-2.1978281236014,LOF,Pathogenic
BRCA1,17,NM_007294.3,c.131G>A,p.C44Y,Missense,-2.39797407768976,LOF,Pathogenic
BRCA1,17,NM_007294.3,c.131G>C,p.C44S,Missense,-2.26776054445651,LOF,Pathogenic
BRCA1,17,NM_007294.3,c.132C>G,p.C44W,Missense,-2.30701978041447,LOF,Pathogenic
BRCA1,17,NM_007294.3,c.133A>C,p.K45Q,Missense,-0.267722266843825,FUNC,Benign
BRCA1,17,NM_007294.3,c.134+1G>A,NA,Canonical splice,-2.39816381221414,LOF,Pathogenic
BRCA1,17,NM_007294.3,c.134+1G>C,NA,Canonical splice,-2.50468936549066,LOF,Pathogenic
BRCA1,17,NM_007294.3,c.134+1G>T,NA,Canonical splice,-2.41589683074489,LOF,Pathogenic
BRCA1,17,NM_007294.3,c.134+2T>A,NA,Canonical splice,-1.81626592527272,LOF,Pathogenic
BRCA1,17,NM_007294.3,c.134+2T>C,NA,Canonical splice,-2.06329992545438,LOF,Pathogenic
BRCA1,17,NM_007294.3,c.134+2T>G,NA,Canonical splice,-2.5521515062019,LOF,Pathogenic
BRCA1,17,NM_007294.3,c.134+3A>C,NA,Splice region,-2.04196796734487,LOF,Pathogenic
BRCA1,17,NM_007294.3,c.134+5G>A,NA,Splice region,-2.03328505421385,LOF,Pathogenic
BRCA1,17,NM_007294.3,c.134+5G>C,NA,Splice region,-2.55911805538159,LOF,Pathogenic
BRCA1,17,NM_007294.3,c.134+9G>A,NA,Intronic,-0.0811347365782332,FUNC,Benign
BRCA1,17,NM_007294.3,c.134+9G>C,NA,Intronic,-0.432153149317547,FUNC,Benign
BRCA1,17,NM_007294.3,c.134+11A>G,NA,Intronic,-0.235712988746183,FUNC,Benign
BRCA1,17,NM_007294.3,c.134+13G>A,NA,Intronic,-0.142488791280807,FUNC,Benign
BRCA1,17,NM_007294.3,c.134+14T>C,NA,Intronic,0.236572957142199,FUNC,Benign
BRCA1,17,NM_007294.3,c.134+15G>A,NA,Intronic,-0.0908765578960755,FUNC,Benign
BRCA1,17,NM_007294.3,c.134+18A>G,NA,Intronic,0.175234563667571,FUNC,Benign
BRCA1,17,NM_007294.3,c.134+18A>T,NA,Intronic,-0.101470886765351,FUNC,Benign
BRCA1,17,NM_007294.3,c.134+19T>C,NA,Intronic,0.37639540518591,FUNC,Benign
BRCA1,17,NM_007294.3,c.135-10T>C,NA,Intronic,0.136283829632037,FUNC,Benign
BRCA1,17,NM_007294.3,c.135-7T>C,NA,Splice region,0.419462978210407,FUNC,Benign
BRCA1,17,NM_007294.3,c.135-4A>G,NA,Splice region,0.221339367575365,FUNC,Benign
BRCA1,17,NM_007294.3,c.135-2A>G,NA,Canonical splice,-2.02032847411797,LOF,Pathogenic
BRCA1,17,NM_007294.3,c.135-1G>A,NA,Canonical splice,-2.57022861019444,LOF,Pathogenic
BRCA1,17,NM_007294.3,c.135-1G>C,NA,Canonical splice,-2.07035559486372,LOF,Pathogenic
BRCA1,17,NM_007294.3,c.135-1G>T,NA,Canonical splice,-2.22309933512571,LOF,Pathogenic
BRCA1,17,NM_007294.3,c.139T>A,p.C47S,Missense,-0.899627061095552,INT,Pathogenic
BRCA1,17,NM_007294.3,c.139T>C,p.C47R,Missense,-1.8352960909996,LOF,Pathogenic
BRCA1,17,NM_007294.3,c.139T>G,p.C47G,Missense,-2.43588765836569,LOF,Pathogenic
BRCA1,17,NM_007294.3,c.140G>A,p.C47Y,Missense,-1.67798334117485,LOF,Pathogenic
BRCA1,17,NM_007294.3,c.141C>T,p.C47=,Synonymous,-0.0228718964318377,FUNC,Benign
BRCA1,17,NM_007294.3,c.147G>A,p.L49=,Synonymous,0.0475355105844232,FUNC,Benign
BRCA1,17,NM_007294.3,c.147G>C,p.L49=,Synonymous,-0.0882332524960653,FUNC,Benign
BRCA1,17,NM_007294.3,c.150A>G,p.K50=,Synonymous,0.0431611457065616,FUNC,Benign
BRCA1,17,NM_007294.3,c.153T>G,p.L51=,Synonymous,0.211401368413964,FUNC,Benign
BRCA1,17,NM_007294.3,c.159C>T,p.N53=,Synonymous,-0.466477353956455,FUNC,Benign
BRCA1,17,NM_007294.3,c.168A>G,p.K56=,Synonymous,-0.0728887975583392,FUNC,Benign
BRCA1,17,NM_007294.3,c.180G>A,p.Q60=,Synonymous,0.250657795066714,FUNC,Benign
BRCA1,17,NM_007294.3,c.181T>A,p.C61S,Missense,-1.8410356521443,LOF,Pathogenic
BRCA1,17,NM_007294.3,c.181T>C,p.C61R,Missense,-1.32753822709513,INT,Pathogenic
BRCA1,17,NM_007294.3,c.181T>G,p.C61G,Missense,-1.73834813947418,LOF,Pathogenic
BRCA1,17,NM_007294.3,c.182G>A,p.C61Y,Missense,-1.48851829809458,LOF,Pathogenic
BRCA1,17,NM_007294.3,c.183T>C,p.C61=,Synonymous,0.00310022860264836,FUNC,Benign
BRCA1,17,NM_007294.3,c.189A>G,p.L63=,Synonymous,-0.0634543091247518,FUNC,Benign
BRCA1,17,NM_007294.3,c.190T>C,p.C64R,Missense,-1.69111599683788,LOF,Pathogenic
BRCA1,17,NM_007294.3,c.190T>G,p.C64G,Missense,-1.95113526060798,LOF,Pathogenic
BRCA1,17,NM_007294.3,c.191G>A,p.C64Y,Missense,-2.05029821109945,LOF,Pathogenic
BRCA1,17,NM_007294.3,c.191G>C,p.C64S,Missense,-3.02220614509521,LOF,Pathogenic
BRCA1,17,NM_007294.3,c.192T>G,p.C64W,Missense,-1.60379971496205,LOF,Pathogenic
BRCA1,17,NM_007294.3,c.198T>C,p.N66=,Synonymous,0.19173596156769,FUNC,Benign
BRCA1,17,NM_007294.3,c.199G>T,p.D67Y,Missense,-0.0809950046543564,FUNC,Benign
BRCA1,17,NM_007294.3,c.201T>C,p.D67=,Synonymous,0.283781640312844,FUNC,Benign
BRCA1,17,NM_007294.3,c.204A>T,p.I68=,Synonymous,-0.463256348022372,FUNC,Benign
BRCA1,17,NM_007294.3,c.207C>G,p.T69=,Synonymous,0.484013058028516,FUNC,Benign
BRCA1,17,NM_007294.3,c.211A>G,p.R71G,Missense,-1.49271759046098,LOF,Pathogenic
BRCA1,17,NM_007294.3,c.211A>T,p.R71W,Missense,-1.82052718089792,LOF,Pathogenic
BRCA1,17,NM_007294.3,c.212G>A,p.R71K,Missense,-2.14933911864244,LOF,Pathogenic
BRCA1,17,NM_007294.3,c.212G>C,p.R71T,Missense,-2.02887064970573,LOF,Pathogenic
BRCA1,17,NM_007294.3,c.212G>T,p.R71M,Missense,-1.71773602920031,LOF,Pathogenic
BRCA1,17,NM_007294.3,c.212+1G>A,NA,Canonical splice,-1.41771602767353,LOF,Pathogenic
BRCA1,17,NM_007294.3,c.212+1G>C,NA,Canonical splice,-2.27433816750879,LOF,Pathogenic
BRCA1,17,NM_007294.3,c.212+1G>T,NA,Canonical splice,-1.2211190155522,INT,Pathogenic
BRCA1,17,NM_007294.3,c.212+2T>C,NA,Canonical splice,-1.98872002634162,LOF,Pathogenic
BRCA1,17,NM_007294.3,c.212+3A>G,NA,Splice region,-1.53475626756766,LOF,Pathogenic
BRCA1,17,NM_007294.3,c.212+3A>T,NA,Splice region,-1.88847179414899,LOF,Pathogenic
BRCA1,17,NM_007294.3,c.212+4T>C,NA,Splice region,0.305861173476938,FUNC,Benign
BRCA1,17,NM_007294.3,c.212+6T>C,NA,Splice region,0.218263511569034,FUNC,Benign
BRCA1,17,NM_007294.3,c.212+7A>G,NA,Splice region,0.0295275260352785,FUNC,Benign
BRCA1,17,NM_007294.3,c.212+10T>G,NA,Intronic,0.473852682637646,FUNC,Benign
BRCA1,17,NM_007294.3,c.213-9T>G,NA,Intronic,-0.375995777347554,FUNC,Benign
BRCA1,17,NM_007294.3,c.213-8A>C,NA,Splice region,-0.385499589644516,FUNC,Benign
BRCA1,17,NM_007294.3,c.213-5T>A,NA,Splice region,-2.74139197276859,LOF,Pathogenic
BRCA1,17,NM_007294.3,c.213-2A>C,NA,Canonical splice,-1.70315335442358,LOF,Pathogenic
BRCA1,17,NM_007294.3,c.213-2A>G,NA,Canonical splice,-1.49074295525937,LOF,Pathogenic
BRCA1,17,NM_007294.3,c.213-2A>T,NA,Canonical splice,-2.08319468477209,LOF,Pathogenic
BRCA1,17,NM_007294.3,c.213-1G>A,NA,Canonical splice,-2.83901558428208,LOF,Pathogenic
BRCA1,17,NM_007294.3,c.213-1G>T,NA,Canonical splice,-2.79339419039279,LOF,Pathogenic
BRCA1,17,NM_007294.3,c.216C>T,p.S72=,Synonymous,0.415867158368367,FUNC,Benign
BRCA1,17,NM_007294.3,c.217C>T,p.L73=,Synonymous,-0.316193003238634,FUNC,Benign
BRCA1,17,NM_007294.3,c.219A>G,p.L73=,Synonymous,0.474124268060278,FUNC,Benign
BRCA1,17,NM_007294.3,c.223G>A,p.E75K,Missense,-0.192425398734912,FUNC,Benign
BRCA1,17,NM_007294.3,c.228T>C,p.S76=,Synonymous,-0.115325522207182,FUNC,Benign
BRCA1,17,NM_007294.3,c.231G>C,p.T77=,Synonymous,0.403068283914335,FUNC,Benign
BRCA1,17,NM_007294.3,c.231G>T,p.T77=,Synonymous,-1.9073097340339,LOF,Benign
BRCA1,17,NM_007294.3,c.239G>A,p.S80N,Missense,-0.412347791316904,FUNC,Benign
BRCA1,17,NM_007294.3,c.243A>G,p.Q81=,Synonymous,0.664720742043957,FUNC,Benign
BRCA1,17,NM_007294.3,c.246T>A,p.L82=,Synonymous,-0.633264694668249,FUNC,Benign
BRCA1,17,NM_007294.3,c.246T>C,p.L82=,Synonymous,-0.339909779376945,FUNC,Benign
BRCA1,17,NM_007294.3,c.249T>C,p.V83=,Synonymous,0.101222782774124,FUNC,Benign
BRCA1,17,NM_007294.3,c.249T>G,p.V83=,Synonymous,0.196945031387954,FUNC,Benign
BRCA1,17,NM_007294.3,c.252A>G,p.E84=,Synonymous,0.0229583115540455,FUNC,Benign
BRCA1,17,NM_007294.3,c.255G>A,p.E85=,Synonymous,0.165827386507889,FUNC,Benign
BRCA1,17,NM_007294.3,c.256C>T,p.L86=,Synonymous,0.0185765635524308,FUNC,Benign
BRCA1,17,NM_007294.3,c.258A>G,p.L86=,Synonymous,-0.357514832123384,FUNC,Benign
BRCA1,17,NM_007294.3,c.258A>T,p.L86=,Synonymous,0.170430124815421,FUNC,Benign
BRCA1,17,NM_007294.3,c.259T>C,p.L87=,Synonymous,-0.075085123021708,FUNC,Benign
BRCA1,17,NM_007294.3,c.261G>A,p.L87=,Synonymous,-2.27150633609115,LOF,Benign
BRCA1,17,NM_007294.3,c.264A>G,p.K88=,Synonymous,-0.555066744711787,FUNC,Benign
BRCA1,17,NM_007294.3,c.267C>A,p.I89=,Synonymous,0.479888411258346,FUNC,Benign
BRCA1,17,NM_007294.3,c.267C>T,p.I89=,Synonymous,-0.313942444722845,FUNC,Benign
BRCA1,17,NM_007294.3,c.268A>G,p.I90V,Missense,-0.0722305973971354,FUNC,Benign
BRCA1,17,NM_007294.3,c.270T>C,p.I90=,Synonymous,0.181486994240425,FUNC,Benign
BRCA1,17,NM_007294.3,c.282G>T,p.Q94H,Missense,-0.439171236353344,FUNC,Benign
BRCA1,17,NM_007294.3,c.283C>A,p.L95I,Missense,-0.0792177393431917,FUNC,Benign
BRCA1,17,NM_007294.3,c.284T>C,p.L95P,Missense,-3.27129662076606,LOF,Pathogenic
BRCA1,17,NM_007294.3,c.285T>A,p.L95=,Synonymous,-0.3233801698786,FUNC,Benign
BRCA1,17,NM_007294.3,c.287A>C,p.D96A,Missense,-3.0700093589234,LOF,Pathogenic
BRCA1,17,NM_007294.3,c.287A>G,p.D96G,Missense,-3.00243211698934,LOF,Pathogenic
BRCA1,17,NM_007294.3,c.287A>T,p.D96V,Missense,-2.74340346551776,LOF,Pathogenic
BRCA1,17,NM_007294.3,c.288C>T,p.D96=,Synonymous,-0.310482960726149,FUNC,Benign
BRCA1,17,NM_007294.3,c.291A>C,p.T97=,Synonymous,-0.061786460717952,FUNC,Benign
BRCA1,17,NM_007294.3,c.291A>G,p.T97=,Synonymous,-0.0236277797257578,FUNC,Benign
BRCA1,17,NM_007294.3,c.300G>A,p.E100=,Splice region,-0.355641074519881,FUNC,Benign
BRCA1,17,NM_007294.3,c.301+7G>A,NA,Splice region,-0.200989585624831,FUNC,Benign
BRCA1,17,NM_007294.3,c.301+8T>C,NA,Splice region,0.0641715171714174,FUNC,Benign
BRCA1,17,NM_007294.3,c.301+9T>C,NA,Intronic,0.0696228451325736,FUNC,Benign
BRCA1,17,NM_007294.3,c.301+10G>A,NA,Intronic,-0.301209708654196,FUNC,Benign
BRCA1,17,NM_007294.3,c.4891A>T,p.S1631C,Missense,0.133622446891161,FUNC,Benign
BRCA1,17,NM_007294.3,c.4893T>C,p.S1631=,Synonymous,0.32544200451846,FUNC,Benign
BRCA1,17,NM_007294.3,c.4896G>A,p.V1632=,Synonymous,-0.12654834955993,FUNC,Benign
BRCA1,17,NM_007294.3,c.4897A>G,p.S1633G,Missense,-0.252650939571362,FUNC,Benign
BRCA1,17,NM_007294.3,c.4899C>T,p.S1633=,Synonymous,-0.498563473407033,FUNC,Benign
BRCA1,17,NM_007294.3,c.4908G>A,p.K1636=,Synonymous,0.106967523933618,FUNC,Benign
BRCA1,17,NM_007294.3,c.4908G>T,p.K1636N,Missense,0.0498460639049248,FUNC,Benign
BRCA1,17,NM_007294.3,c.4910C>T,p.P1637L,Missense,-0.417492856234616,FUNC,Benign
BRCA1,17,NM_007294.3,c.4911A>G,p.P1637=,Synonymous,0.046603956759305,FUNC,Benign
BRCA1,17,NM_007294.3,c.4913A>T,p.E1638V,Missense,-0.276578724171495,FUNC,Benign
BRCA1,17,NM_007294.3,c.4914A>G,p.E1638=,Synonymous,-0.081573029016585,FUNC,Benign
BRCA1,17,NM_007294.3,c.4915T>C,p.L1639=,Synonymous,0.278852371883411,FUNC,Benign
BRCA1,17,NM_007294.3,c.4917G>A,p.L1639=,Synonymous,-0.244878512739614,FUNC,Benign
BRCA1,17,NM_007294.3,c.4918A>G,p.T1640A,Missense,-0.239408827597538,FUNC,Benign
BRCA1,17,NM_007294.3,c.4921G>A,p.A1641T,Missense,0.375689477982788,FUNC,Benign
BRCA1,17,NM_007294.3,c.4921G>T,p.A1641S,Missense,-0.927134133766101,INT,Benign
BRCA1,17,NM_007294.3,c.4923T>G,p.A1641=,Synonymous,-0.446852361162926,FUNC,Benign
BRCA1,17,NM_007294.3,c.4926A>T,p.S1642=,Synonymous,-0.314387175418668,FUNC,Benign
BRCA1,17,NM_007294.3,c.4929A>C,p.T1643=,Synonymous,-0.244007836929304,FUNC,Benign
BRCA1,17,NM_007294.3,c.4930G>C,p.E1644Q,Missense,0.288594316318101,FUNC,Benign
BRCA1,17,NM_007294.3,c.4935G>A,p.R1645=,Synonymous,0.402628458911041,FUNC,Benign
BRCA1,17,NM_007294.3,c.4937T>A,p.V1646D,Missense,0.013159575015928,FUNC,Benign
BRCA1,17,NM_007294.3,c.4941C>T,p.N1647=,Synonymous,-0.140631947684955,FUNC,Benign
BRCA1,17,NM_007294.3,c.4943A>C,p.K1648T,Missense,-0.0498654815853825,FUNC,Benign
BRCA1,17,NM_007294.3,c.4943A>G,p.K1648R,Missense,0.00423773889220677,FUNC,Benign
BRCA1,17,NM_007294.3,c.4945A>C,p.R1649=,Synonymous,0.0449788194465629,FUNC,Benign
BRCA1,17,NM_007294.3,c.4947A>G,p.R1649=,Synonymous,0.400688039837797,FUNC,Benign
BRCA1,17,NM_007294.3,c.4953C>T,p.S1651=,Synonymous,-0.0879171563617295,FUNC,Benign
BRCA1,17,NM_007294.3,c.4955T>C,p.M1652T,Missense,-0.353085227277311,FUNC,Benign
BRCA1,17,NM_007294.3,c.4956G>A,p.M1652I,Missense,0.143488826026886,FUNC,Benign
BRCA1,17,NM_007294.3,c.4959G>A,p.V1653=,Synonymous,-0.0799738358470211,FUNC,Benign
BRCA1,17,NM_007294.3,c.4962G>A,p.V1654=,Synonymous,0.25178800931775,FUNC,Benign
BRCA1,17,NM_007294.3,c.4962G>T,p.V1654=,Synonymous,0.337723210784118,FUNC,Benign
BRCA1,17,NM_007294.3,c.4971G>A,p.L1657=,Synonymous,0.62740878552526,FUNC,Benign
BRCA1,17,NM_007294.3,c.4971G>C,p.L1657=,Synonymous,0.00855760583454574,FUNC,Benign
BRCA1,17,NM_007294.3,c.4977A>C,p.P1659=,Synonymous,0.787590995455782,FUNC,Benign
BRCA1,17,NM_007294.3,c.4977A>G,p.P1659=,Synonymous,0.499233424334583,FUNC,Benign
BRCA1,17,NM_007294.3,c.4986+1G>A,NA,Canonical splice,-3.34590721032008,LOF,Pathogenic
BRCA1,17,NM_007294.3,c.4986+1G>T,NA,Canonical splice,-2.60959082511498,LOF,Pathogenic
BRCA1,17,NM_007294.3,c.4986+2T>A,NA,Canonical splice,-1.94853075355913,LOF,Pathogenic
BRCA1,17,NM_007294.3,c.4986+2T>C,NA,Canonical splice,-2.42462035479782,LOF,Pathogenic
BRCA1,17,NM_007294.3,c.4986+3G>C,NA,Splice region,-2.93584369950557,LOF,Pathogenic
BRCA1,17,NM_007294.3,c.4986+4A>C,NA,Splice region,-2.85918225571408,LOF,Pathogenic
BRCA1,17,NM_007294.3,c.4986+4A>G,NA,Splice region,-2.30352682513576,LOF,Pathogenic
BRCA1,17,NM_007294.3,c.4986+4A>T,NA,Splice region,-1.89764061074096,LOF,Pathogenic
BRCA1,17,NM_007294.3,c.4986+5G>A,NA,Splice region,-4.00493656511263,LOF,Pathogenic
BRCA1,17,NM_007294.3,c.4986+5G>C,NA,Splice region,-1.99394018246053,LOF,Pathogenic
BRCA1,17,NM_007294.3,c.4986+6T>C,NA,Splice region,-1.36779788478261,LOF,Pathogenic
BRCA1,17,NM_007294.3,c.4986+6T>G,NA,Splice region,-2.39041680136626,LOF,Pathogenic
BRCA1,17,NM_007294.3,c.4986+7G>A,NA,Splice region,-0.397654477691474,FUNC,Benign
BRCA1,17,NM_007294.3,c.4986+9A>T,NA,Intronic,-0.161730213530276,FUNC,Benign
BRCA1,17,NM_007294.3,c.4987-8A>G,NA,Splice region,0.248687860044321,FUNC,Benign
BRCA1,17,NM_007294.3,c.4987-6T>A,NA,Splice region,-1.95766755150854,LOF,Pathogenic
BRCA1,17,NM_007294.3,c.4987-5T>A,NA,Splice region,-1.46684256372015,LOF,Pathogenic
BRCA1,17,NM_007294.3,c.4987-5T>C,NA,Splice region,-1.53322034875628,LOF,Pathogenic
BRCA1,17,NM_007294.3,c.4987-4T>G,NA,Splice region,-0.357812318058921,FUNC,Benign
BRCA1,17,NM_007294.3,c.4987-3C>G,NA,Splice region,-2.03414199767388,LOF,Pathogenic
BRCA1,17,NM_007294.3,c.4987-2A>C,NA,Canonical splice,-1.6443686339642,LOF,Pathogenic
BRCA1,17,NM_007294.3,c.4987-2A>G,NA,Canonical splice,0.297747676584499,FUNC,Pathogenic
BRCA1,17,NM_007294.3,c.4987-1G>A,NA,Canonical splice,-1.95294374647629,LOF,Pathogenic
BRCA1,17,NM_007294.3,c.4987-1G>C,NA,Canonical splice,-2.07319479024413,LOF,Pathogenic
BRCA1,17,NM_007294.3,c.4987-1G>T,NA,Canonical splice,-1.45539218636203,LOF,Pathogenic
BRCA1,17,NM_007294.3,c.4988T>G,p.M1663R,Missense,-1.93511921709868,LOF,Pathogenic
BRCA1,17,NM_007294.3,c.4991T>C,p.L1664P,Missense,-0.0101772242695253,FUNC,Benign
BRCA1,17,NM_007294.3,c.4992C>G,p.L1664=,Synonymous,-0.146133623439301,FUNC,Benign
BRCA1,17,NM_007294.3,c.4992C>T,p.L1664=,Synonymous,-1.03368954565127,INT,Benign
BRCA1,17,NM_007294.3,c.4994T>G,p.V1665G,Missense,-0.535272180282592,FUNC,Benign
BRCA1,17,NM_007294.3,c.4995G>A,p.V1665=,Synonymous,-0.756056507930088,INT,Benign
BRCA1,17,NM_007294.3,c.4995G>T,p.V1665=,Synonymous,-0.62659930574047,FUNC,Benign
BRCA1,17,NM_007294.3,c.4996T>A,p.Y1666N,Missense,0.0422381427035078,FUNC,Benign
BRCA1,17,NM_007294.3,c.4998C>T,p.Y1666=,Synonymous,-0.913013371010718,INT,Benign
BRCA1,17,NM_007294.3,c.5001G>A,p.K1667=,Synonymous,-0.334368910396347,FUNC,Benign
BRCA1,17,NM_007294.3,c.5007C>T,p.A1669=,Synonymous,-1.03343510074123,INT,Benign
BRCA1,17,NM_007294.3,c.5008A>C,p.R1670=,Synonymous,-0.163100651432117,FUNC,Benign
BRCA1,17,NM_007294.3,c.5010A>G,p.R1670=,Synonymous,0.182761041607139,FUNC,Benign
BRCA1,17,NM_007294.3,c.5016C>T,p.H1672=,Synonymous,-0.135022674388488,FUNC,Benign
BRCA1,17,NM_007294.3,c.5017C>T,p.H1673Y,Missense,0.205780715975802,FUNC,Benign
BRCA1,17,NM_007294.3,c.5019C>T,p.H1673=,Synonymous,-0.199790682211903,FUNC,Benign
BRCA1,17,NM_007294.3,c.5024C>T,p.T1675I,Missense,0.036029592103107,FUNC,Benign
BRCA1,17,NM_007294.3,c.5026T>C,p.L1676=,Synonymous,0.393340466533792,FUNC,Benign
BRCA1,17,NM_007294.3,c.5028A>G,p.L1676=,Synonymous,0.257804390708302,FUNC,Benign
BRCA1,17,NM_007294.3,c.5030C>A,p.T1677N,Missense,-0.203384270879142,FUNC,Benign
BRCA1,17,NM_007294.3,c.5031T>A,p.T1677=,Synonymous,0.49073531210526,FUNC,Benign
BRCA1,17,NM_007294.3,c.5031T>G,p.T1677=,Synonymous,0.158205002677354,FUNC,Benign
BRCA1,17,NM_007294.3,c.5034T>C,p.N1678=,Synonymous,0.600870101034001,FUNC,Benign
BRCA1,17,NM_007294.3,c.5035C>T,p.L1679=,Synonymous,-0.152144221763348,FUNC,Benign
BRCA1,17,NM_007294.3,c.5037A>G,p.L1679=,Synonymous,0.488695714302194,FUNC,Benign
BRCA1,17,NM_007294.3,c.5040T>A,p.I1680=,Synonymous,0.272295231915403,FUNC,Benign
BRCA1,17,NM_007294.3,c.5043T>C,p.T1681=,Synonymous,0.513758559599241,FUNC,Benign
BRCA1,17,NM_007294.3,c.5044G>A,p.E1682K,Missense,-1.79737657325658,LOF,Benign
BRCA1,17,NM_007294.3,c.5049G>A,p.E1683=,Synonymous,-0.326100814225388,FUNC,Benign
BRCA1,17,NM_007294.3,c.5050A>G,p.T1684A,Missense,-0.652545723760172,FUNC,Benign
BRCA1,17,NM_007294.3,c.5052T>A,p.T1684=,Synonymous,0.0524136216960439,FUNC,Benign
BRCA1,17,NM_007294.3,c.5052T>C,p.T1684=,Synonymous,0.404441827389662,FUNC,Benign
BRCA1,17,NM_007294.3,c.5052T>G,p.T1684=,Synonymous,0.133023873838388,FUNC,Benign
BRCA1,17,NM_007294.3,c.5053A>G,p.T1685A,Missense,-1.84066821677464,LOF,Pathogenic
BRCA1,17,NM_007294.3,c.5054C>T,p.T1685I,Missense,-1.99157621622867,LOF,Pathogenic
BRCA1,17,NM_007294.3,c.5055T>C,p.T1685=,Synonymous,0.197275576974362,FUNC,Benign
BRCA1,17,NM_007294.3,c.5055T>G,p.T1685=,Synonymous,0.0371852218402034,FUNC,Benign
BRCA1,17,NM_007294.3,c.5057A>G,p.H1686R,Missense,-1.33663707255115,LOF,Pathogenic
BRCA1,17,NM_007294.3,c.5058T>A,p.H1686Q,Missense,-1.58542378596186,LOF,Pathogenic
BRCA1,17,NM_007294.3,c.5058T>C,p.H1686=,Synonymous,0.785939375903544,FUNC,Benign
BRCA1,17,NM_007294.3,c.5059G>A,p.V1687I,Missense,-0.264841012999907,FUNC,Benign
BRCA1,17,NM_007294.3,c.5060T>G,p.V1687G,Missense,-2.33428188148004,LOF,Pathogenic
BRCA1,17,NM_007294.3,c.5061T>A,p.V1687=,Synonymous,-0.544514158114669,FUNC,Benign
BRCA1,17,NM_007294.3,c.5061T>C,p.V1687=,Synonymous,0.425717348306148,FUNC,Benign
BRCA1,17,NM_007294.3,c.5064T>C,p.V1688=,Synonymous,0.200876185549824,FUNC,Benign
BRCA1,17,NM_007294.3,c.5066T>A,p.M1689K,Missense,-1.81310947380306,LOF,Pathogenic
BRCA1,17,NM_007294.3,c.5066T>G,p.M1689R,Missense,-2.07742010103649,LOF,Pathogenic
BRCA1,17,NM_007294.3,c.5072C>A,p.T1691K,Missense,-1.8549344846404,LOF,Pathogenic
BRCA1,17,NM_007294.3,c.5072C>G,p.T1691R,Missense,-2.04963143395105,LOF,Pathogenic
BRCA1,17,NM_007294.3,c.5072C>T,p.T1691I,Missense,-1.39646248988762,LOF,Pathogenic
BRCA1,17,NM_007294.3,c.5073A>T,p.T1691=,Splice region,-1.48589434240788,LOF,Pathogenic
BRCA1,17,NM_007294.3,c.5074G>C,p.D1692H,Missense,-1.57850831772585,LOF,Pathogenic
BRCA1,17,NM_007294.3,c.5074G>T,p.D1692Y,Missense,-1.26893113631422,INT,Pathogenic
BRCA1,17,NM_007294.3,c.5074+1G>A,NA,Canonical splice,-2.2979447326696,LOF,Pathogenic
BRCA1,17,NM_007294.3,c.5074+1G>C,NA,Canonical splice,-2.29400438270642,LOF,Pathogenic
BRCA1,17,NM_007294.3,c.5074+1G>T,NA,Canonical splice,-1.44841651036631,LOF,Pathogenic
BRCA1,17,NM_007294.3,c.5074+2T>A,NA,Canonical splice,-1.16751574511434,INT,Pathogenic
BRCA1,17,NM_007294.3,c.5074+2T>C,NA,Canonical splice,-1.88810609891512,LOF,Pathogenic
BRCA1,17,NM_007294.3,c.5074+3A>G,NA,Splice region,-2.15473953173496,LOF,Pathogenic
BRCA1,17,NM_007294.3,c.5074+3A>T,NA,Splice region,-1.84834939033142,LOF,Pathogenic
BRCA1,17,NM_007294.3,c.5074+5A>T,NA,Splice region,0.105936119528526,FUNC,Benign
BRCA1,17,NM_007294.3,c.5074+6C>G,NA,Splice region,-0.356637438283172,FUNC,Benign
BRCA1,17,NM_007294.3,c.5074+6C>T,NA,Splice region,-0.0661796434123347,FUNC,Benign
BRCA1,17,NM_007294.3,c.5074+10G>C,NA,Intronic,-0.134265777456226,FUNC,Benign
BRCA1,17,NM_007294.3,c.5074+10G>T,NA,Intronic,0.0931441775703007,FUNC,Benign
BRCA1,17,NM_007294.3,c.5075-10C>A,NA,Intronic,-0.542197571902336,FUNC,Benign
BRCA1,17,NM_007294.3,c.5075-9A>C,NA,Intronic,0.126348466757146,FUNC,Benign
BRCA1,17,NM_007294.3,c.5075-9A>G,NA,Intronic,0.165997600224466,FUNC,Benign
BRCA1,17,NM_007294.3,c.5075-9A>T,NA,Intronic,0.200615290494038,FUNC,Benign
BRCA1,17,NM_007294.3,c.5075-8T>G,NA,Splice region,-2.16079737761801,LOF,Pathogenic
BRCA1,17,NM_007294.3,c.5075-7T>C,NA,Splice region,0.196088969361906,FUNC,Benign
BRCA1,17,NM_007294.3,c.5075-6C>T,NA,Splice region,-0.365818365761939,FUNC,Benign
BRCA1,17,NM_007294.3,c.5075-5T>C,NA,Splice region,-0.0443054171340977,FUNC,Benign
BRCA1,17,NM_007294.3,c.5075-4G>A,NA,Splice region,0.52625415157264,FUNC,Benign
BRCA1,17,NM_007294.3,c.5075-4G>T,NA,Splice region,-0.377135954550066,FUNC,Benign
BRCA1,17,NM_007294.3,c.5075-2A>C,NA,Canonical splice,-1.9135545589332,LOF,Pathogenic
BRCA1,17,NM_007294.3,c.5075-2A>G,NA,Canonical splice,-2.11066202536906,LOF,Pathogenic
BRCA1,17,NM_007294.3,c.5075-1G>A,NA,Canonical splice,-1.83563575000238,LOF,Pathogenic
BRCA1,17,NM_007294.3,c.5075-1G>C,NA,Canonical splice,-2.22807395189951,LOF,Pathogenic
BRCA1,17,NM_007294.3,c.5075-1G>T,NA,Canonical splice,-2.38631878741384,LOF,Pathogenic
BRCA1,17,NM_007294.3,c.5075A>C,p.D1692A,Missense,-2.08088244719007,LOF,Pathogenic
BRCA1,17,NM_007294.3,c.5076T>A,p.D1692E,Missense,-1.47827157191638,LOF,Pathogenic
BRCA1,17,NM_007294.3,c.5088G>A,p.V1696=,Synonymous,-0.216494982809892,FUNC,Benign
BRCA1,17,NM_007294.3,c.5089T>C,p.C1697R,Missense,-2.14939219790443,LOF,Pathogenic
BRCA1,17,NM_007294.3,c.5089T>G,p.C1697G,Missense,-0.304249045914854,FUNC,Benign
BRCA1,17,NM_007294.3,c.5090G>A,p.C1697Y,Missense,-2.05778042605182,LOF,Pathogenic
BRCA1,17,NM_007294.3,c.5094A>G,p.E1698=,Synonymous,-0.0454050611063513,FUNC,Benign
BRCA1,17,NM_007294.3,c.5096G>T,p.R1699L,Missense,-1.55594191209357,LOF,Pathogenic
BRCA1,17,NM_007294.3,c.5099C>T,p.T1700I,Missense,-2.4917463603023,LOF,Pathogenic
BRCA1,17,NM_007294.3,c.5100A>G,p.T1700=,Synonymous,0.338185218076868,FUNC,Benign
BRCA1,17,NM_007294.3,c.5103G>A,p.L1701=,Synonymous,-0.446391937715831,FUNC,Benign
BRCA1,17,NM_007294.3,c.5104A>C,p.K1702Q,Missense,-2.27878544497196,LOF,Pathogenic
BRCA1,17,NM_007294.3,c.5109T>C,p.Y1703=,Synonymous,0.240886341937559,FUNC,Benign
BRCA1,17,NM_007294.3,c.5113C>T,p.L1705=,Synonymous,-0.224553799429863,FUNC,Benign
BRCA1,17,NM_007294.3,c.5114T>C,p.L1705P,Missense,-2.15431306069821,LOF,Pathogenic
BRCA1,17,NM_007294.3,c.5115A>C,p.L1705=,Synonymous,0.354333056849471,FUNC,Benign
BRCA1,17,NM_007294.3,c.5116G>A,p.G1706R,Missense,-2.37979763251402,LOF,Pathogenic
BRCA1,17,NM_007294.3,c.5116G>C,p.G1706R,Missense,-2.2386205548575,LOF,Pathogenic
BRCA1,17,NM_007294.3,c.5117G>A,p.G1706E,Missense,-2.45298981846792,LOF,Pathogenic
BRCA1,17,NM_007294.3,c.5117G>C,p.G1706A,Missense,-0.0514299101353102,FUNC,Benign
BRCA1,17,NM_007294.3,c.5117G>T,p.G1706V,Missense,-2.32297920678307,LOF,Pathogenic
BRCA1,17,NM_007294.3,c.5118A>G,p.G1706=,Synonymous,-0.216303527225695,FUNC,Benign
BRCA1,17,NM_007294.3,c.5118A>T,p.G1706=,Synonymous,-0.0156629849893591,FUNC,Benign
BRCA1,17,NM_007294.3,c.5121T>C,p.I1707=,Synonymous,-0.0139300451562089,FUNC,Benign
BRCA1,17,NM_007294.3,c.5123C>A,p.A1708E,Missense,-2.00825799679473,LOF,Pathogenic
BRCA1,17,NM_007294.3,c.5124G>A,p.A1708=,Synonymous,0.0189387449236095,FUNC,Benign
BRCA1,17,NM_007294.3,c.5124G>C,p.A1708=,Synonymous,-0.0248372063829283,FUNC,Benign
BRCA1,17,NM_007294.3,c.5124G>T,p.A1708=,Synonymous,0.237607347057662,FUNC,Benign
BRCA1,17,NM_007294.3,c.5127A>G,p.G1709=,Synonymous,-1.65307191963688,LOF,Benign
BRCA1,17,NM_007294.3,c.5130A>G,p.G1710=,Synonymous,-1.81666908741097,LOF,Benign
BRCA1,17,NM_007294.3,c.5130A>T,p.G1710=,Synonymous,-0.360065518568396,FUNC,Benign
BRCA1,17,NM_007294.3,c.5131A>G,p.K1711E,Missense,-1.82511117125829,LOF,Pathogenic
BRCA1,17,NM_007294.3,c.5133A>C,p.K1711N,Missense,0.111147332019366,FUNC,Benign
BRCA1,17,NM_007294.3,c.5137G>T,p.V1713L,Missense,-1.92326659071942,LOF,Pathogenic
BRCA1,17,NM_007294.3,c.5138T>G,p.V1713G,Missense,-1.8879503100562,LOF,Pathogenic
BRCA1,17,NM_007294.3,c.5139A>G,p.V1713=,Synonymous,-0.0457352206195591,FUNC,Benign
BRCA1,17,NM_007294.3,c.5141T>G,p.V1714G,Missense,-2.07940917756532,LOF,Pathogenic
BRCA1,17,NM_007294.3,c.5142T>G,p.V1714=,Synonymous,0.307518525041627,FUNC,Benign
BRCA1,17,NM_007294.3,c.5143A>C,p.S1715R,Missense,-2.20976678188052,LOF,Pathogenic
BRCA1,17,NM_007294.3,c.5143A>T,p.S1715C,Missense,-1.69865942698826,LOF,Pathogenic
BRCA1,17,NM_007294.3,c.5144G>A,p.S1715N,Missense,-2.29465730718365,LOF,Pathogenic
BRCA1,17,NM_007294.3,c.5145C>G,p.S1715R,Missense,-1.8710630832529,LOF,Pathogenic
BRCA1,17,NM_007294.3,c.5152+1G>A,NA,Canonical splice,-1.79645282004389,LOF,Pathogenic
BRCA1,17,NM_007294.3,c.5152+1G>C,NA,Canonical splice,-1.80489132326417,LOF,Pathogenic
BRCA1,17,NM_007294.3,c.5152+1G>T,NA,Canonical splice,-1.99129758316416,LOF,Pathogenic
BRCA1,17,NM_007294.3,c.5152+2T>A,NA,Canonical splice,-1.68875484678761,LOF,Pathogenic
BRCA1,17,NM_007294.3,c.5152+2T>C,NA,Canonical splice,-1.58126902395608,LOF,Pathogenic
BRCA1,17,NM_007294.3,c.5152+2T>G,NA,Canonical splice,-1.89155817554576,LOF,Pathogenic
BRCA1,17,NM_007294.3,c.5152+5G>A,NA,Splice region,-2.10249059512621,LOF,Pathogenic
BRCA1,17,NM_007294.3,c.5152+5G>C,NA,Splice region,-1.62916572683183,LOF,Pathogenic
BRCA1,17,NM_007294.3,c.5152+5G>T,NA,Splice region,-2.01988488651408,LOF,Pathogenic
BRCA1,17,NM_007294.3,c.5152+8T>C,NA,Splice region,0.200423804725885,FUNC,Benign
BRCA1,17,NM_007294.3,c.5152+8T>G,NA,Splice region,-0.61712019803654,FUNC,Benign
BRCA1,17,NM_007294.3,c.5152+9A>G,NA,Intronic,0.0276503094015949,FUNC,Benign
BRCA1,17,NM_007294.3,c.5152+9A>T,NA,Intronic,0.117839033110617,FUNC,Benign
BRCA1,17,NM_007294.3,c.5152+10A>C,NA,Intronic,-0.00980762782267822,FUNC,Benign
BRCA1,17,NM_007294.3,c.5152+10A>G,NA,Intronic,-0.0392870540053586,FUNC,Benign
BRCA1,17,NM_007294.3,c.5153-19T>C,NA,Intronic,-0.407466245019528,FUNC,Benign
BRCA1,17,NM_007294.3,c.5153-16T>C,NA,Intronic,0.213411387333887,FUNC,Benign
BRCA1,17,NM_007294.3,c.5153-14T>C,NA,Intronic,-0.165121307149926,FUNC,Benign
BRCA1,17,NM_007294.3,c.5153-13A>C,NA,Intronic,0.285329917392038,FUNC,Benign
BRCA1,17,NM_007294.3,c.5153-13A>G,NA,Intronic,-0.247860139665823,FUNC,Benign
BRCA1,17,NM_007294.3,c.5153-11G>T,NA,Intronic,-0.50389666827691,FUNC,Benign
BRCA1,17,NM_007294.3,c.5153-10A>T,NA,Intronic,0.500179304304506,FUNC,Benign
BRCA1,17,NM_007294.3,c.5153-9T>C,NA,Intronic,0.01187141577708,FUNC,Benign
BRCA1,17,NM_007294.3,c.5153-6C>A,NA,Splice region,0.0240779494302449,FUNC,Benign
BRCA1,17,NM_007294.3,c.5153-6C>T,NA,Splice region,-0.415853637029718,FUNC,Benign
BRCA1,17,NM_007294.3,c.5153-5T>C,NA,Splice region,-0.109279553427856,FUNC,Benign
BRCA1,17,NM_007294.3,c.5153-4T>C,NA,Splice region,0.089879429085149,FUNC,Benign
BRCA1,17,NM_007294.3,c.5153-2A>C,NA,Canonical splice,-1.82457324511444,LOF,Pathogenic
BRCA1,17,NM_007294.3,c.5153-2A>G,NA,Canonical splice,-0.963477891964925,INT,Pathogenic
BRCA1,17,NM_007294.3,c.5153-1G>A,NA,Canonical splice,-1.61027351724135,LOF,Pathogenic
BRCA1,17,NM_007294.3,c.5153-1G>C,NA,Canonical splice,-3.41256184396293,LOF,Pathogenic
BRCA1,17,NM_007294.3,c.5153-1G>T,NA,Canonical splice,-1.49248967910561,LOF,Pathogenic
BRCA1,17,NM_007294.3,c.5154G>C,p.W1718C,Missense,-1.44391884462746,LOF,Pathogenic
BRCA1,17,NM_007294.3,c.5154G>T,p.W1718C,Missense,-1.57570770533006,LOF,Pathogenic
BRCA1,17,NM_007294.3,c.5156T>G,p.V1719G,Missense,-1.38364631033649,LOF,Pathogenic
BRCA1,17,NM_007294.3,c.5157G>A,p.V1719=,Synonymous,-0.0180489131135941,FUNC,Benign
BRCA1,17,NM_007294.3,c.5157G>T,p.V1719=,Synonymous,0.0961133162857967,FUNC,Benign
BRCA1,17,NM_007294.3,c.5158A>G,p.T1720A,Missense,0.132285866292813,FUNC,Benign
BRCA1,17,NM_007294.3,c.5163G>A,p.Q1721=,Synonymous,0.283238014279448,FUNC,Benign
BRCA1,17,NM_007294.3,c.5164T>C,p.S1722P,Missense,-1.65174166954429,LOF,Pathogenic
BRCA1,17,NM_007294.3,c.5168T>C,p.I1723T,Missense,0.355145638120542,FUNC,Benign
BRCA1,17,NM_007294.3,c.5175A>G,p.E1725=,Synonymous,0.248392834919932,FUNC,Benign
BRCA1,17,NM_007294.3,c.5185C>T,p.L1729=,Synonymous,0.383489098082072,FUNC,Benign
BRCA1,17,NM_007294.3,c.5187G>C,p.L1729=,Synonymous,-0.367738769741174,FUNC,Benign
BRCA1,17,NM_007294.3,c.5187G>T,p.L1729=,Synonymous,-0.04888860011054,FUNC,Benign
BRCA1,17,NM_007294.3,c.5190T>G,p.N1730K,Missense,0.0209487335187599,FUNC,Benign
BRCA1,17,NM_007294.3,c.5193G>A,p.E1731=,Splice region,-0.377828008416012,FUNC,Benign
BRCA1,17,NM_007294.3,c.5193+1G>A,NA,Canonical splice,-1.3638886072691,LOF,Pathogenic
BRCA1,17,NM_007294.3,c.5193+1G>C,NA,Canonical splice,-1.38390941501963,LOF,Pathogenic
BRCA1,17,NM_007294.3,c.5193+1G>T,NA,Canonical splice,-1.87069228869746,LOF,Pathogenic
BRCA1,17,NM_007294.3,c.5193+2T>G,NA,Canonical splice,-2.24528279803379,LOF,Pathogenic
BRCA1,17,NM_007294.3,c.5193+8C>A,NA,Splice region,0.137579740190825,FUNC,Benign
BRCA1,17,NM_007294.3,c.5193+8C>G,NA,Splice region,0.017451197271104,FUNC,Benign
BRCA1,17,NM_007294.3,c.5193+8C>T,NA,Splice region,0.220302639710971,FUNC,Benign
BRCA1,17,NM_007294.3,c.5193+9T>C,NA,Intronic,-0.243824666664693,FUNC,Benign
BRCA1,17,NM_007294.3,c.5193+11G>A,NA,Intronic,-0.339451042585028,FUNC,Benign
BRCA1,17,NM_007294.3,c.5193+13T>C,NA,Intronic,-0.307622481230203,FUNC,Benign
BRCA1,17,NM_007294.3,c.5193+14G>T,NA,Intronic,-0.300312332436372,FUNC,Benign
BRCA1,17,NM_007294.3,c.5193+16T>C,NA,Intronic,-0.236935039317648,FUNC,Benign
BRCA1,17,NM_007294.3,c.5193+18C>G,NA,Intronic,-0.0967494249523946,FUNC,Benign
BRCA1,17,NM_007294.3,c.5193+20A>G,NA,Intronic,0.0895746876968419,FUNC,Benign
BRCA1,17,NM_007294.3,c.5193+22C>T,NA,Intronic,0.159927189568965,FUNC,Benign
BRCA1,17,NM_007294.3,c.5194-9T>G,NA,Intronic,-0.0905611463541882,FUNC,Benign
BRCA1,17,NM_007294.3,c.5194-7C>G,NA,Splice region,-0.198880923187415,FUNC,Benign
BRCA1,17,NM_007294.3,c.5194-4T>C,NA,Splice region,-0.617085133048597,FUNC,Benign
BRCA1,17,NM_007294.3,c.5194-4T>G,NA,Splice region,0.339884490177439,FUNC,Benign
BRCA1,17,NM_007294.3,c.5194-2A>C,NA,Canonical splice,-1.50014449584054,LOF,Pathogenic
BRCA1,17,NM_007294.3,c.5194-2A>G,NA,Canonical splice,-2.92152127982279,LOF,Pathogenic
BRCA1,17,NM_007294.3,c.5194-2A>T,NA,Canonical splice,-1.73674319001445,LOF,Pathogenic
BRCA1,17,NM_007294.3,c.5194-1G>A,NA,Canonical splice,-2.12870754060205,LOF,Pathogenic
BRCA1,17,NM_007294.3,c.5194-1G>C,NA,Canonical splice,-4.20238911331162,LOF,Pathogenic
BRCA1,17,NM_007294.3,c.5194-1G>T,NA,Canonical splice,-2.89697514050471,LOF,Pathogenic
BRCA1,17,NM_007294.3,c.5196T>C,p.H1732=,Splice region,-0.428338464401921,FUNC,Benign
BRCA1,17,NM_007294.3,c.5198A>G,p.D1733G,Missense,0.167600773623651,FUNC,Benign
BRCA1,17,NM_007294.3,c.5207T>C,p.V1736A,Missense,-1.60309259931805,LOF,Pathogenic
BRCA1,17,NM_007294.3,c.5207T>G,p.V1736G,Missense,-1.73329333871728,LOF,Pathogenic
BRCA1,17,NM_007294.3,c.5212G>A,p.G1738R,Missense,-3.66162045301671,LOF,Pathogenic
BRCA1,17,NM_007294.3,c.5212G>C,p.G1738R,Missense,-1.7979744662235,LOF,Pathogenic
BRCA1,17,NM_007294.3,c.5213G>A,p.G1738E,Missense,-2.6353416209094,LOF,Pathogenic
BRCA1,17,NM_007294.3,c.5213G>T,p.G1738V,Missense,-2.73932554710575,LOF,Pathogenic
BRCA1,17,NM_007294.3,c.5215G>C,p.D1739H,Missense,-2.76713407948034,LOF,Pathogenic
BRCA1,17,NM_007294.3,c.5215G>T,p.D1739Y,Missense,-2.52911977546105,LOF,Pathogenic
BRCA1,17,NM_007294.3,c.5216A>G,p.D1739G,Missense,-2.43103072960453,LOF,Pathogenic
BRCA1,17,NM_007294.3,c.5216A>T,p.D1739V,Missense,-1.99376742157678,LOF,Pathogenic
BRCA1,17,NM_007294.3,c.5217T>G,p.D1739E,Missense,-2.9131674176071,LOF,Pathogenic
BRCA1,17,NM_007294.3,c.5228G>A,p.G1743E,Missense,-2.83110591414681,LOF,Pathogenic
BRCA1,17,NM_007294.3,c.5229A>G,p.G1743=,Synonymous,-0.0707181656582726,FUNC,Benign
BRCA1,17,NM_007294.3,c.5229A>T,p.G1743=,Synonymous,0.0649019798891134,FUNC,Benign
BRCA1,17,NM_007294.3,c.5238C>T,p.H1746=,Synonymous,0.164617721077255,FUNC,Benign
BRCA1,17,NM_007294.3,c.5240A>C,p.Q1747P,Missense,-2.10520842888013,LOF,Pathogenic
BRCA1,17,NM_007294.3,c.5241A>G,p.Q1747=,Synonymous,0.391096104713464,FUNC,Benign
BRCA1,17,NM_007294.3,c.5242G>C,p.G1748R,Missense,-3.093498513306,LOF,Pathogenic
BRCA1,17,NM_007294.3,c.5243G>A,p.G1748D,Missense,-1.65189918694954,LOF,Pathogenic
BRCA1,17,NM_007294.3,c.5245C>A,p.P1749T,Missense,-0.653988637489678,FUNC,Benign
BRCA1,17,NM_007294.3,c.5246C>G,p.P1749R,Missense,-3.30606251329229,LOF,Pathogenic
BRCA1,17,NM_007294.3,c.5250G>A,p.K1750=,Synonymous,-0.195854771501375,FUNC,Benign
BRCA1,17,NM_007294.3,c.5251C>A,p.R1751=,Synonymous,-0.355861922518864,FUNC,Benign
BRCA1,17,NM_007294.3,c.5251C>G,p.R1751G,Missense,-1.47251566605134,LOF,Pathogenic
BRCA1,17,NM_007294.3,c.5252G>A,p.R1751Q,Missense,-0.149920264367993,FUNC,Benign
BRCA1,17,NM_007294.3,c.5254G>C,p.A1752P,Missense,-3.12678112656794,LOF,Pathogenic
BRCA1,17,NM_007294.3,c.5255C>A,p.A1752E,Missense,-3.03783022295038,LOF,Pathogenic
BRCA1,17,NM_007294.3,c.5256A>C,p.A1752=,Synonymous,0.0912334524479238,FUNC,Benign
BRCA1,17,NM_007294.3,c.5259A>C,p.R1753S,Missense,-2.93180106006303,LOF,Pathogenic
BRCA1,17,NM_007294.3,c.5259A>G,p.R1753=,Synonymous,-0.017985689984031,FUNC,Benign
BRCA1,17,NM_007294.3,c.5259A>T,p.R1753S,Missense,-2.12871558698918,LOF,Pathogenic
BRCA1,17,NM_007294.3,c.5262A>G,p.E1754=,Synonymous,0.296128260203113,FUNC,Benign
BRCA1,17,NM_007294.3,c.5268G>A,p.Q1756=,Synonymous,-0.159504619773145,FUNC,Benign
BRCA1,17,NM_007294.3,c.5269G>T,p.D1757Y,Missense,0.0919519098307808,FUNC,Benign
BRCA1,17,NM_007294.3,c.5274A>G,p.R1758=,Synonymous,0.513196539394858,FUNC,Benign
BRCA1,17,NM_007294.3,c.5277+1G>A,NA,Canonical splice,-2.56476137333993,LOF,Pathogenic
BRCA1,17,NM_007294.3,c.5277+1G>T,NA,Canonical splice,-2.64708915741368,LOF,Pathogenic
BRCA1,17,NM_007294.3,c.5277+2T>G,NA,Canonical splice,-1.47607084594075,LOF,Pathogenic
BRCA1,17,NM_007294.3,c.5277+9C>G,NA,Intronic,-0.323023134742128,FUNC,Benign
BRCA1,17,NM_007294.3,c.5277+10C>T,NA,Intronic,-0.320639309513348,FUNC,Benign
BRCA1,17,NM_007294.3,c.5278-22C>T,NA,Intronic,-0.0263421752680534,FUNC,Benign
BRCA1,17,NM_007294.3,c.5278-20C>T,NA,Intronic,0.293666976065471,FUNC,Benign
BRCA1,17,NM_007294.3,c.5278-19T>A,NA,Intronic,-0.188062781986329,FUNC,Benign
BRCA1,17,NM_007294.3,c.5278-18C>G,NA,Intronic,-0.114000555047291,FUNC,Benign
BRCA1,17,NM_007294.3,c.5278-17T>C,NA,Intronic,0.225263324463162,FUNC,Benign
BRCA1,17,NM_007294.3,c.5278-16T>C,NA,Intronic,0.331298941910512,FUNC,Benign
BRCA1,17,NM_007294.3,c.5278-14C>G,NA,Intronic,0.0678034663862406,FUNC,Benign
BRCA1,17,NM_007294.3,c.5278-13T>A,NA,Intronic,-0.590409048988694,FUNC,Benign
BRCA1,17,NM_007294.3,c.5278-12C>G,NA,Intronic,-0.152565427940396,FUNC,Benign
BRCA1,17,NM_007294.3,c.5278-9T>C,NA,Intronic,0.191265377393417,FUNC,Benign
BRCA1,17,NM_007294.3,c.5278-4C>G,NA,Splice region,0.0495836711454558,FUNC,Benign
BRCA1,17,NM_007294.3,c.5278-2A>C,NA,Canonical splice,-2.57102927200389,LOF,Pathogenic
BRCA1,17,NM_007294.3,c.5278-2A>G,NA,Canonical splice,-2.66422494752644,LOF,Pathogenic
BRCA1,17,NM_007294.3,c.5278-2A>T,NA,Canonical splice,-1.51539767380163,LOF,Pathogenic
BRCA1,17,NM_007294.3,c.5278-1G>A,NA,Canonical splice,-2.99109299735194,LOF,Pathogenic
BRCA1,17,NM_007294.3,c.5278-1G>C,NA,Canonical splice,-2.73489350394579,LOF,Pathogenic
BRCA1,17,NM_007294.3,c.5278-1G>T,NA,Canonical splice,-2.3325848585455,LOF,Pathogenic
BRCA1,17,NM_007294.3,c.5280C>A,p.I1760=,Splice region,-0.0308862862572565,FUNC,Benign
BRCA1,17,NM_007294.3,c.5286G>A,p.R1762=,Synonymous,-0.138422538315462,FUNC,Benign
BRCA1,17,NM_007294.3,c.5291T>C,p.L1764P,Missense,-1.98674456258502,LOF,Pathogenic
BRCA1,17,NM_007294.3,c.5292A>C,p.L1764=,Synonymous,0.608478573981982,FUNC,Benign
BRCA1,17,NM_007294.3,c.5297T>A,p.I1766N,Missense,-2.94742785786032,LOF,Pathogenic
BRCA1,17,NM_007294.3,c.5297T>C,p.I1766T,Missense,-2.27267688131885,LOF,Pathogenic
BRCA1,17,NM_007294.3,c.5297T>G,p.I1766S,Missense,-1.8322684014954,LOF,Pathogenic
BRCA1,17,NM_007294.3,c.5304C>T,p.C1768=,Synonymous,-0.25607832052774,FUNC,Benign
BRCA1,17,NM_007294.3,c.5309G>T,p.G1770V,Missense,-2.59802661440298,LOF,Pathogenic
BRCA1,17,NM_007294.3,c.5310G>A,p.G1770=,Synonymous,0.107836351717778,FUNC,Benign
BRCA1,17,NM_007294.3,c.5310G>C,p.G1770=,Synonymous,-0.265284053798021,FUNC,Benign
BRCA1,17,NM_007294.3,c.5312C>G,p.P1771R,Missense,-0.472155007274975,FUNC,Benign
BRCA1,17,NM_007294.3,c.5313C>A,p.P1771=,Synonymous,-0.172579036031252,FUNC,Benign
BRCA1,17,NM_007294.3,c.5313C>T,p.P1771=,Synonymous,-0.400377067470858,FUNC,Benign
BRCA1,17,NM_007294.3,c.5319C>A,p.T1773=,Synonymous,0.00158943110063844,FUNC,Benign
BRCA1,17,NM_007294.3,c.5319C>G,p.T1773=,Synonymous,0.240010504489872,FUNC,Benign
BRCA1,17,NM_007294.3,c.5319C>T,p.T1773=,Synonymous,-0.476490934181509,FUNC,Benign
BRCA1,17,NM_007294.3,c.5322C>T,p.N1774=,Synonymous,-0.501709435551784,FUNC,Benign
BRCA1,17,NM_007294.3,c.5323A>G,p.M1775V,Missense,-1.52204230150555,LOF,Pathogenic
BRCA1,17,NM_007294.3,c.5324T>A,p.M1775K,Missense,-1.83186236584358,LOF,Pathogenic
BRCA1,17,NM_007294.3,c.5324T>G,p.M1775R,Missense,-1.39263844476786,LOF,Pathogenic
BRCA1,17,NM_007294.3,c.5328C>G,p.P1776=,Synonymous,0.305799565843194,FUNC,Benign
BRCA1,17,NM_007294.3,c.5328C>T,p.P1776=,Synonymous,-0.56775260589364,FUNC,Benign
BRCA1,17,NM_007294.3,c.5331A>T,p.T1777=,Splice region,0.173090797763497,FUNC,Benign
BRCA1,17,NM_007294.3,c.5332G>A,p.D1778N,Missense,-1.01795048355751,INT,Pathogenic
BRCA1,17,NM_007294.3,c.5332+1G>A,NA,Canonical splice,-2.61004528526674,LOF,Pathogenic
BRCA1,17,NM_007294.3,c.5332+1G>C,NA,Canonical splice,-3.27566286254783,LOF,Pathogenic
BRCA1,17,NM_007294.3,c.5332+1G>T,NA,Canonical splice,-2.7323869633276,LOF,Pathogenic
BRCA1,17,NM_007294.3,c.5332+2T>A,NA,Canonical splice,-1.80422458101563,LOF,Pathogenic
BRCA1,17,NM_007294.3,c.5332+2T>C,NA,Canonical splice,-2.21665295066947,LOF,Pathogenic
BRCA1,17,NM_007294.3,c.5332+2T>G,NA,Canonical splice,-1.94609901210454,LOF,Pathogenic
BRCA1,17,NM_007294.3,c.5332+7G>A,NA,Splice region,0.137907838663572,FUNC,Benign
BRCA1,17,NM_007294.3,c.5332+8C>A,NA,Splice region,0.349385299401106,FUNC,Benign
BRCA1,17,NM_007294.3,c.5332+8C>T,NA,Splice region,-0.382787670768149,FUNC,Benign
BRCA1,17,NM_007294.3,c.5332+9C>T,NA,Intronic,-0.167593712860979,FUNC,Benign
BRCA1,17,NM_007294.3,c.5332+11G>A,NA,Intronic,0.181881127252691,FUNC,Benign
BRCA1,17,NM_007294.3,c.5332+13G>C,NA,Intronic,-0.793263331262784,INT,Benign
BRCA1,17,NM_007294.3,c.5332+15G>C,NA,Intronic,0.629540480194674,FUNC,Benign
BRCA1,17,NM_007294.3,c.5332+16A>G,NA,Intronic,0.459201024371165,FUNC,Benign
BRCA1,17,NM_007294.3,c.5332+18C>A,NA,Intronic,-0.129026612831397,FUNC,Benign
BRCA1,17,NM_007294.3,c.5332+18C>T,NA,Intronic,-0.563128845883145,FUNC,Benign
BRCA1,17,NM_007294.3,c.5332+19C>G,NA,Intronic,-0.0865673448072254,FUNC,Benign
BRCA1,17,NM_007294.3,c.5332+19C>T,NA,Intronic,0.00280266589041016,FUNC,Benign
BRCA1,17,NM_007294.3,c.5332+20C>A,NA,Intronic,0.418941406628517,FUNC,Benign
BRCA1,17,NM_007294.3,c.5332+20C>G,NA,Intronic,0.221270821115816,FUNC,Benign
BRCA1,17,NM_007294.3,c.5333-13A>G,NA,Intronic,0.202290072863415,FUNC,Benign
BRCA1,17,NM_007294.3,c.5333-12T>C,NA,Intronic,0.0822040427766108,FUNC,Benign
BRCA1,17,NM_007294.3,c.5333-11G>A,NA,Intronic,-0.0793524902006473,FUNC,Benign
BRCA1,17,NM_007294.3,c.5333-10T>A,NA,Intronic,-0.3178004248775,FUNC,Benign
BRCA1,17,NM_007294.3,c.5333-3T>G,NA,Splice region,-2.16235208233859,LOF,Pathogenic
BRCA1,17,NM_007294.3,c.5333-2A>C,NA,Canonical splice,-2.5889991934336,LOF,Pathogenic
BRCA1,17,NM_007294.3,c.5333-2A>G,NA,Canonical splice,-1.76384079857582,LOF,Pathogenic
BRCA1,17,NM_007294.3,c.5333-2A>T,NA,Canonical splice,-1.74958397786638,LOF,Pathogenic
BRCA1,17,NM_007294.3,c.5333-1G>A,NA,Canonical splice,-2.2703966552698,LOF,Pathogenic
BRCA1,17,NM_007294.3,c.5333-1G>C,NA,Canonical splice,-2.20451449882719,LOF,Pathogenic
BRCA1,17,NM_007294.3,c.5333-1G>T,NA,Canonical splice,-1.66313689301115,LOF,Pathogenic
BRCA1,17,NM_007294.3,c.5334T>C,p.D1778=,Splice region,-0.26016954677242,FUNC,Benign
BRCA1,17,NM_007294.3,c.5337A>C,p.Q1779H,Missense,0.102366918162689,FUNC,Benign
BRCA1,17,NM_007294.3,c.5337A>G,p.Q1779=,Synonymous,0.362753046878947,FUNC,Benign
BRCA1,17,NM_007294.3,c.5339T>C,p.L1780P,Missense,-2.35494389501738,LOF,Pathogenic
BRCA1,17,NM_007294.3,c.5347A>T,p.M1783L,Missense,0.0424732913758367,FUNC,Benign
BRCA1,17,NM_007294.3,c.5352A>G,p.V1784=,Synonymous,-0.0263170140682868,FUNC,Benign
BRCA1,17,NM_007294.3,c.5352A>T,p.V1784=,Synonymous,0.53807434185041,FUNC,Benign
BRCA1,17,NM_007294.3,c.5356C>T,p.L1786=,Synonymous,0.160631280794563,FUNC,Benign
BRCA1,17,NM_007294.3,c.5358G>A,p.L1786=,Synonymous,0.150391968364462,FUNC,Benign
BRCA1,17,NM_007294.3,c.5358G>C,p.L1786=,Synonymous,-0.0314855440941615,FUNC,Benign
BRCA1,17,NM_007294.3,c.5360G>A,p.C1787Y,Missense,-1.75624865950192,LOF,Pathogenic
BRCA1,17,NM_007294.3,c.5362G>T,p.G1788C,Missense,-1.88570416514307,LOF,Pathogenic
BRCA1,17,NM_007294.3,c.5363G>C,p.G1788A,Missense,-1.41213169676715,LOF,Pathogenic
BRCA1,17,NM_007294.3,c.5363G>T,p.G1788V,Missense,-1.67971518079398,LOF,Pathogenic
BRCA1,17,NM_007294.3,c.5364T>A,p.G1788=,Synonymous,0.25628170158869,FUNC,Benign
BRCA1,17,NM_007294.3,c.5366C>A,p.A1789D,Missense,-2.49789791552294,LOF,Pathogenic
BRCA1,17,NM_007294.3,c.5366C>T,p.A1789V,Missense,-1.99955294338856,LOF,Pathogenic
BRCA1,17,NM_007294.3,c.5367T>C,p.A1789=,Synonymous,0.0385615561256449,FUNC,Benign
BRCA1,17,NM_007294.3,c.5373G>A,p.V1791=,Synonymous,0.252161816435646,FUNC,Benign
BRCA1,17,NM_007294.3,c.5376G>A,p.V1792=,Synonymous,0.121408549265363,FUNC,Benign
BRCA1,17,NM_007294.3,c.5376G>C,p.V1792=,Synonymous,-0.286496849221273,FUNC,Benign
BRCA1,17,NM_007294.3,c.5379G>A,p.K1793=,Synonymous,-0.0183786170833556,FUNC,Benign
BRCA1,17,NM_007294.3,c.5382G>C,p.E1794D,Missense,-0.324753024351241,FUNC,Benign
BRCA1,17,NM_007294.3,c.5385T>C,p.L1795=,Synonymous,0.263766498253102,FUNC,Benign
BRCA1,17,NM_007294.3,c.5388A>G,p.S1796=,Synonymous,0.216087834816867,FUNC,Benign
BRCA1,17,NM_007294.3,c.5391A>C,p.S1797=,Synonymous,-0.147882567306313,FUNC,Benign
BRCA1,17,NM_007294.3,c.5397C>A,p.T1799=,Synonymous,-0.141839883546775,FUNC,Benign
BRCA1,17,NM_007294.3,c.5397C>T,p.T1799=,Synonymous,0.226322779507549,FUNC,Benign
BRCA1,17,NM_007294.3,c.5402G>A,p.G1801D,Missense,0.042955773559517,FUNC,Benign
BRCA1,17,NM_007294.3,c.5404A>G,p.T1802A,Missense,0.0459927057873582,FUNC,Benign
BRCA1,17,NM_007294.3,c.5406A>C,p.T1802=,Splice region,-0.610873467469799,FUNC,Benign
BRCA1,17,NM_007294.3,c.5406+1G>A,NA,Canonical splice,-1.65409098763552,LOF,Pathogenic
BRCA1,17,NM_007294.3,c.5406+1G>C,NA,Canonical splice,-2.11597542320068,LOF,Pathogenic
BRCA1,17,NM_007294.3,c.5406+1G>T,NA,Canonical splice,-1.78385490261154,LOF,Pathogenic
BRCA1,17,NM_007294.3,c.5406+2T>A,NA,Canonical splice,-1.61613816952577,LOF,Pathogenic
BRCA1,17,NM_007294.3,c.5406+3A>T,NA,Splice region,-2.15196947719304,LOF,Pathogenic
BRCA1,17,NM_007294.3,c.5406+4A>G,NA,Splice region,-1.9491741943608,LOF,Pathogenic
BRCA1,17,NM_007294.3,c.5406+5G>A,NA,Splice region,-1.86128643953244,LOF,Pathogenic
BRCA1,17,NM_007294.3,c.5406+5G>C,NA,Splice region,-1.27984323630751,INT,Pathogenic
BRCA1,17,NM_007294.3,c.5406+7A>G,NA,Splice region,-0.186822264299166,FUNC,Benign
BRCA1,17,NM_007294.3,c.5406+7A>T,NA,Splice region,-0.662554108678587,FUNC,Benign
BRCA1,17,NM_007294.3,c.5406+8T>C,NA,Splice region,0.0565689014731488,FUNC,Benign
BRCA1,17,NM_007294.3,c.5406+10G>A,NA,Intronic,-0.37609005515348,FUNC,Benign
BRCA1,17,NM_007294.3,c.5406+12G>A,NA,Intronic,-0.10121464486203,FUNC,Benign
BRCA1,17,NM_007294.3,c.5406+12G>T,NA,Intronic,0.0637532163928631,FUNC,Benign
BRCA1,17,NM_007294.3,c.5406+14G>A,NA,Intronic,-0.165459440284615,FUNC,Benign
BRCA1,17,NM_007294.3,c.5406+14G>T,NA,Intronic,0.0033733967781443,FUNC,Benign
BRCA1,17,NM_007294.3,c.5406+15C>A,NA,Intronic,0.0663937149967893,FUNC,Benign
BRCA1,17,NM_007294.3,c.5406+17C>T,NA,Intronic,0.141273353309017,FUNC,Benign
BRCA1,17,NM_007294.3,c.5407-13C>T,NA,Intronic,-0.235149046061964,FUNC,Benign
BRCA1,17,NM_007294.3,c.5407-12C>T,NA,Intronic,0.010442308207446,FUNC,Benign
BRCA1,17,NM_007294.3,c.5407-10G>C,NA,Intronic,-0.227349585369435,FUNC,Benign
BRCA1,17,NM_007294.3,c.5407-9G>C,NA,Intronic,-0.674691017109532,FUNC,Benign
BRCA1,17,NM_007294.3,c.5407-8G>T,NA,Splice region,-0.974388043453595,INT,Benign
BRCA1,17,NM_007294.3,c.5407-7G>A,NA,Splice region,-0.243218921493349,FUNC,Benign
BRCA1,17,NM_007294.3,c.5407-2A>G,NA,Canonical splice,-1.89959688132307,LOF,Pathogenic
BRCA1,17,NM_007294.3,c.5407-1G>A,NA,Canonical splice,-3.89989874767637,LOF,Pathogenic
BRCA1,17,NM_007294.3,c.5407-1G>C,NA,Canonical splice,-2.55827649893478,LOF,Pathogenic
BRCA1,17,NM_007294.3,c.5408G>C,p.G1803A,Missense,0.0151078043175211,FUNC,Pathogenic
BRCA1,17,NM_007294.3,c.5409T>C,p.G1803=,Splice region,0.0303700158748514,FUNC,Benign
BRCA1,17,NM_007294.3,c.5411T>A,p.V1804D,Missense,0.429372531464068,FUNC,Benign
BRCA1,17,NM_007294.3,c.5412C>T,p.V1804=,Synonymous,0.455129914467093,FUNC,Benign
BRCA1,17,NM_007294.3,c.5415C>T,p.H1805=,Synonymous,0.213177011177558,FUNC,Benign
BRCA1,17,NM_007294.3,c.5418A>C,p.P1806=,Synonymous,0.122787189815673,FUNC,Benign
BRCA1,17,NM_007294.3,c.5426T>A,p.V1809D,Missense,-1.35490391827617,LOF,Pathogenic
BRCA1,17,NM_007294.3,c.5427T>A,p.V1809=,Synonymous,-0.307997887176628,FUNC,Benign
BRCA1,17,NM_007294.3,c.5430G>A,p.V1810=,Synonymous,0.533511113650839,FUNC,Benign
BRCA1,17,NM_007294.3,c.5430G>C,p.V1810=,Synonymous,-2.81771291125752,LOF,Benign
BRCA1,17,NM_007294.3,c.5432A>G,p.Q1811R,Missense,-1.71150218576215,LOF,Pathogenic
BRCA1,17,NM_007294.3,c.5434C>G,p.P1812A,Missense,-2.75730524006307,LOF,Pathogenic
BRCA1,17,NM_007294.3,c.5439T>C,p.D1813=,Synonymous,0.0723609820404624,FUNC,Benign
BRCA1,17,NM_007294.3,c.5446A>G,p.T1816A,Missense,-0.0937200312476537,FUNC,Benign
BRCA1,17,NM_007294.3,c.5448A>G,p.T1816=,Synonymous,0.859885662660011,FUNC,Benign
BRCA1,17,NM_007294.3,c.5451G>A,p.E1817=,Synonymous,0.130951836032382,FUNC,Benign
BRCA1,17,NM_007294.3,c.5453A>G,p.D1818G,Missense,-3.16303530428822,LOF,Pathogenic
BRCA1,17,NM_007294.3,c.5456A>G,p.N1819S,Missense,0.40875721687432,FUNC,Benign
BRCA1,17,NM_007294.3,c.5457T>C,p.N1819=,Synonymous,0.449495997347053,FUNC,Benign
BRCA1,17,NM_007294.3,c.5460C>G,p.G1820=,Synonymous,-0.285622926112162,FUNC,Benign
BRCA1,17,NM_007294.3,c.5460C>T,p.G1820=,Synonymous,-0.072365435977091,FUNC,Benign
BRCA1,17,NM_007294.3,c.5466T>C,p.H1822=,Splice region,0.0318997293854854,FUNC,Benign
BRCA1,17,NM_007294.3,c.5467G>A,p.A1823T,Missense,-3.1865190755667,LOF,Pathogenic
BRCA1,17,NM_007294.3,c.5467G>C,p.A1823P,Missense,-3.30464537023334,LOF,Pathogenic
BRCA1,17,NM_007294.3,c.5467G>T,p.A1823S,Missense,-3.64283083340989,LOF,Pathogenic
BRCA1,17,NM_007294.3,c.5467+1G>A,NA,Canonical splice,-3.01621559038335,LOF,Pathogenic
BRCA1,17,NM_007294.3,c.5467+2T>C,NA,Canonical splice,-0.956031369061015,INT,Pathogenic
BRCA1,17,NM_007294.3,c.5467+9C>A,NA,Intronic,-0.0834281144998109,FUNC,Benign
BRCA1,17,NM_007294.3,c.5467+11T>G,NA,Intronic,0.0819691390845532,FUNC,Benign
BRCA1,17,NM_007294.3,c.5467+12G>A,NA,Intronic,-0.174196621315139,FUNC,Benign
BRCA1,17,NM_007294.3,c.5467+12G>T,NA,Intronic,0.0717780440446851,FUNC,Benign
BRCA1,17,NM_007294.3,c.5467+14A>C,NA,Intronic,0.269995881146153,FUNC,Benign
BRCA1,17,NM_007294.3,c.5467+15T>C,NA,Intronic,0.155762546050316,FUNC,Benign
BRCA1,17,NM_007294.3,c.5467+15T>G,NA,Intronic,0.0507107366545286,FUNC,Benign
BRCA1,17,NM_007294.3,c.5467+16G>A,NA,Intronic,0.27981346345423,FUNC,Benign
BRCA1,17,NM_007294.3,c.5467+17T>G,NA,Intronic,-0.0257186863976148,FUNC,Benign
BRCA1,17,NM_007294.3,c.5467+18A>C,NA,Intronic,-0.103230983605431,FUNC,Benign
BRCA1,17,NM_007294.3,c.5467+19C>A,NA,Intronic,-0.579463220023025,FUNC,Benign
BRCA1,17,NM_007294.3,c.5467+20C>A,NA,Intronic,-0.496820598301314,FUNC,Benign
BRCA1,17,NM_007294.3,c.5467+22G>C,NA,Intronic,-0.19889340500971,FUNC,Benign
BRCA1,17,NM_007294.3,c.5468-10C>A,NA,Intronic,-0.68844701967432,FUNC,Benign
BRCA1,17,NM_007294.3,c.5468-10C>T,NA,Intronic,-0.592747788670447,FUNC,Benign
BRCA1,17,NM_007294.3,c.5468-9T>C,NA,Intronic,-0.569522353382729,FUNC,Benign
BRCA1,17,NM_007294.3,c.5468-8G>A,NA,Splice region,0.115344694314233,FUNC,Benign
BRCA1,17,NM_007294.3,c.5468-8G>C,NA,Splice region,0.044542744419591,FUNC,Benign
BRCA1,17,NM_007294.3,c.5468-8G>T,NA,Splice region,-0.206850044579761,FUNC,Benign
BRCA1,17,NM_007294.3,c.5468-6C>T,NA,Splice region,-0.0171020615380092,FUNC,Benign
BRCA1,17,NM_007294.3,c.5468-4C>A,NA,Splice region,0.00718649342539594,FUNC,Benign
BRCA1,17,NM_007294.3,c.5468-2A>G,NA,Canonical splice,-1.84741578116444,LOF,Pathogenic
BRCA1,17,NM_007294.3,c.5468-2A>T,NA,Canonical splice,-1.98459993110663,LOF,Pathogenic
BRCA1,17,NM_007294.3,c.5468-1G>A,NA,Canonical splice,-1.3981950473982,LOF,Pathogenic
BRCA1,17,NM_007294.3,c.5469A>C,p.A1823=,Splice region,0.0390698319616235,FUNC,Benign
BRCA1,17,NM_007294.3,c.5471T>A,p.I1824N,Missense,-0.29359073484416,FUNC,Benign
BRCA1,17,NM_007294.3,c.5472T>A,p.I1824=,Synonymous,0.0695896057211375,FUNC,Benign
BRCA1,17,NM_007294.3,c.5475G>A,p.G1825=,Synonymous,0.0324423177634513,FUNC,Benign
BRCA1,17,NM_007294.3,c.5475G>T,p.G1825=,Synonymous,-0.753072752459166,INT,Benign
BRCA1,17,NM_007294.3,c.5476C>G,p.Q1826E,Missense,0.0441739691511223,FUNC,Benign
BRCA1,17,NM_007294.3,c.5478G>A,p.Q1826=,Synonymous,-0.614359996056815,FUNC,Benign
BRCA1,17,NM_007294.3,c.5487G>A,p.E1829=,Synonymous,-0.285887279278256,FUNC,Benign
BRCA1,17,NM_007294.3,c.5488G>T,p.A1830S,Missense,-0.34428521949986,FUNC,Pathogenic
BRCA1,17,NM_007294.3,c.5493T>C,p.P1831=,Synonymous,-0.0382196455862462,FUNC,Benign
BRCA1,17,NM_007294.3,c.5497G>A,p.V1833M,Missense,-2.18348435841623,LOF,Pathogenic
BRCA1,17,NM_007294.3,c.5502C>T,p.T1834=,Synonymous,-0.187550858716403,FUNC,Benign
BRCA1,17,NM_007294.3,c.5508G>A,p.E1836=,Synonymous,0.0676405451970248,FUNC,Benign
BRCA1,17,NM_007294.3,c.5509T>A,p.W1837R,Missense,-2.46078117106402,LOF,Pathogenic
BRCA1,17,NM_007294.3,c.5509T>C,p.W1837R,Missense,-2.31441872512525,LOF,Pathogenic
BRCA1,17,NM_007294.3,c.5509T>G,p.W1837G,Missense,-2.56281847373706,LOF,Pathogenic
BRCA1,17,NM_007294.3,c.5511G>C,p.W1837C,Missense,-2.67815028387303,LOF,Pathogenic
BRCA1,17,NM_007294.3,c.5511G>T,p.W1837C,Missense,-1.69661300342761,LOF,Pathogenic
BRCA1,17,NM_007294.3,c.5513T>A,p.V1838E,Missense,-1.72587323841784,LOF,Pathogenic
BRCA1,17,NM_007294.3,c.5513T>G,p.V1838G,Missense,-1.97991531767534,LOF,Pathogenic
BRCA1,17,NM_007294.3,c.5514G>T,p.V1838=,Synonymous,-0.0546409806881962,FUNC,Benign
BRCA1,17,NM_007294.3,c.5515T>C,p.L1839=,Synonymous,-0.0133451257541699,FUNC,Benign
BRCA1,17,NM_007294.3,c.5516T>C,p.L1839S,Missense,-2.49144382862178,LOF,Pathogenic
BRCA1,17,NM_007294.3,c.5520C>T,p.D1840=,Synonymous,-0.625140475941253,FUNC,Benign
BRCA1,17,NM_007294.3,c.5521A>C,p.S1841R,Missense,-1.72209824493603,LOF,Pathogenic
BRCA1,17,NM_007294.3,c.5522G>T,p.S1841I,Missense,-2.18578925794761,LOF,Pathogenic
BRCA1,17,NM_007294.3,c.5523T>C,p.S1841=,Synonymous,0.380065819331908,FUNC,Benign
BRCA1,17,NM_007294.3,c.5523T>G,p.S1841R,Missense,-2.92956795086696,LOF,Pathogenic
BRCA1,17,NM_007294.3,c.5526A>G,p.V1842=,Synonymous,0.0669709007279156,FUNC,Benign
BRCA1,17,NM_007294.3,c.5527G>C,p.A1843P,Missense,-2.68452728381937,LOF,Pathogenic
BRCA1,17,NM_007294.3,c.5529A>C,p.A1843=,Synonymous,0.200973167020785,FUNC,Benign
BRCA1,17,NM_007294.3,c.5529A>G,p.A1843=,Synonymous,0.439539251835426,FUNC,Benign
BRCA1,17,NM_007294.3,c.5531T>G,p.L1844R,Missense,-0.0615812686944012,FUNC,Benign
BRCA1,17,NM_007294.3,c.5532C>A,p.L1844=,Synonymous,0.119725431646474,FUNC,Benign
BRCA1,17,NM_007294.3,c.5532C>T,p.L1844=,Synonymous,-0.0755642438834202,FUNC,Benign
BRCA1,17,NM_007294.3,c.5535C>T,p.Y1845=,Synonymous,-0.129467374286386,FUNC,Benign
BRCA1,17,NM_007294.3,c.5538G>A,p.Q1846=,Synonymous,0.0645680667756681,FUNC,Benign
BRCA1,17,NM_007294.3,c.5541C>T,p.C1847=,Synonymous,-0.116100913284565,FUNC,Benign
BRCA1,17,NM_007294.3,c.5543A>G,p.Q1848R,Missense,0.251439368051422,FUNC,Benign
BRCA1,17,NM_007294.3,c.5544G>A,p.Q1848=,Synonymous,-0.463788965932701,FUNC,Benign
BRCA1,17,NM_007294.3,c.5545G>A,p.E1849K,Missense,-0.142875393473933,FUNC,Benign
BRCA1,17,NM_007294.3,c.5547G>A,p.E1849=,Synonymous,-0.0310243507498182,FUNC,Benign
BRCA1,17,NM_007294.3,c.5548C>T,p.L1850=,Synonymous,0.566508646859577,FUNC,Benign
BRCA1,17,NM_007294.3,c.5550G>A,p.L1850=,Synonymous,-0.843029098067958,INT,Benign
BRCA1,17,NM_007294.3,c.5550G>C,p.L1850=,Synonymous,0.136910668395231,FUNC,Benign
BRCA1,17,NM_007294.3,c.5553C>T,p.D1851=,Synonymous,-0.825888553758753,INT,Benign
BRCA1,17,NM_007294.3,c.5556C>G,p.T1852=,Synonymous,-0.225886266553234,FUNC,Benign
BRCA1,17,NM_007294.3,c.5556C>T,p.T1852=,Synonymous,-0.431262926997201,FUNC,Benign
BRCA1,17,NM_007294.3,c.5557T>A,p.Y1853N,Missense,-2.16719537042397,LOF,Pathogenic
BRCA1,17,NM_007294.3,c.5557T>C,p.Y1853H,Missense,-1.6528829107851,LOF,Pathogenic
BRCA1,17,NM_007294.3,c.5558A>C,p.Y1853S,Missense,-1.6982368729434,LOF,Pathogenic
BRCA1,17,NM_007294.3,c.5558A>G,p.Y1853C,Missense,-2.76343815225029,LOF,Pathogenic
BRCA1,17,NM_007294.3,c.5562G>A,p.L1854=,Synonymous,-0.71215947251101,FUNC,Benign
BRCA1,17,NM_007294.3,c.5562G>C,p.L1854=,Synonymous,-0.279599299148717,FUNC,Benign
BRCA1,17,NM_007294.3,c.5565A>C,p.I1855=,Synonymous,0.231182686157453,FUNC,Benign
